Time,Delay
258.6519669823463,0.0
487.32785639478436,0.0
826.4654791153055,0.0
1167.6371798701057,0.0
1203.5010136627907,0.0
1733.1649560425235,0.0
1810.9848354439698,0.0
1826.4892595001106,90.47540919153653
2090.149389009524,77.81310866745616
2236.870791011676,0.0
2547.7164605247126,0.0
2573.557379383551,0.0
2803.939946798167,75.17750235573749
2830.218964975986,9.495930102572402
2886.0218437788158,0.0
3348.386755942437,0.0
3674.185136193028,0.0
3680.7480297340935,0.0
3737.585403588052,0.5633256259707196
4025.382306005543,0.0
4172.407261618559,0.0
4359.938368191666,0.0
4446.981621208922,53.850976520757285
4653.93686433428,0.0
4865.237843997536,0.0
5306.65845492032,0.0
5451.531841140322,0.0
5692.538800053168,0.0
5977.265357730056,0.0
6118.296594756961,0.0
6144.610232600244,129.7269909001716
6251.666001160358,65.30546823925579
6406.3431411069705,0.0
6746.9544563522895,0.0
6930.771056690508,0.0
6952.534220021093,0.0
7225.682480545074,5.015557338544568
7345.130539403301,0.0
7345.927245148649,66.57594237740614
7584.890595839429,144.10646151023047
7692.818388283572,0.0
8120.283398246202,0.0
8305.285848540245,0.0
8316.950148527987,33.92811442950824
8660.68444077781,113.52448663361247
8760.066957115921,0.0
9060.924619052666,0.0
9227.60427450622,0.0
9305.523610800812,0.0
9344.717964548323,19.90480642693001
9713.345028409161,0.0
9820.496109439782,0.0
10130.26290239955,0.0
10241.02177407057,0.0
10567.328920431277,0.0
10634.540996767539,0.0
10765.96234868844,118.40596977923269
10863.47729117921,66.06423721693318
11085.354737894748,0.0
11183.487194590267,0.0
11598.378423089864,0.0
11879.16845934898,0.0
12053.717270278996,0.0
12332.473499036607,0.0
12805.031905622462,0.0
13017.369687963686,0.0
13284.035246873154,201.82985324734
13455.074801155086,150.5571525248033
13646.515931733087,304.5026489136744
13673.227040744634,313.1327270955535
13747.614437066704,343.94789364998724
13793.748492459721,265.55501485622335
14015.369507009245,220.18896766638682
14062.865492406667,189.03753655399487
14170.779551553565,338.72395772064374
14254.743801173725,43.5073909284547
14268.772122550712,65.08930537896595
14480.295901650103,70.2433220780149
14505.055789748221,0.0
14794.10504143788,88.6584772611368
14798.017774364376,0.0
15095.570726654076,60.52117483441907
15319.66341152149,0.0
15532.904890970423,0.0
15647.225277037607,0.0
15767.574863217515,0.0
15849.99844398845,0.0
15898.51613603319,0.0
16372.659233495786,0.0
16373.2770754308,0.0
16995.64990537512,14.451129225155455
17026.71721561465,0.0
17132.208035578195,0.0
17332.00150418954,0.0
17404.737218569102,0.0
17788.535599670155,0.0
17854.236451828572,0.0
17997.710997420247,0.0
18115.38518176705,0.0
18678.351947612166,0.0
18891.33774901864,0.0
19080.58575548117,136.73131742860642
19243.362124999185,295.065576119825
19368.97183788244,349.6429620347408
19462.759576368266,325.02225949612694
19811.392963258077,320.02509426471806
19985.748985854487,334.3117247521586
20023.080969604347,597.5584780049321
20096.69907515054,497.2250853352525
20119.881187375435,386.1707593368519
20221.544090419848,193.17323670783298
20370.77504528556,0.6625263529349468
20537.30723063015,71.9447014674879
20547.924003926702,133.99578337500134
20624.703984585725,139.3006242789379
21202.35763971649,0.0
21239.75380140958,0.0
21306.35047811068,88.70671826188845
21440.72726523879,30.66178450150983
21574.24937306175,0.0
21703.934036562176,0.0
22013.809318797903,0.0
22152.413954082436,0.0
22344.311616285027,0.0
22518.73048088232,0.0
22600.070972147398,0.0
22929.68478474023,0.0
23207.52472020103,0.0
23264.76699768804,0.0
23415.175798528813,6.955097003959963
23501.630534478598,0.0
23670.588342422485,0.0
23818.48387333352,0.0
24004.32868278426,0.0
24144.531924011357,0.0
24703.883348740717,0.0
25047.082301673956,0.0
25083.255010604844,63.86167923455287
25356.746199955538,215.27442995249294
25455.269754075438,0.0
25507.408075024967,195.19255305570186
25521.160514198986,228.2075088351703
25689.728061737194,95.12825506771333
25830.743306045777,0.0
26048.923362861533,0.0
26221.306903177687,0.0
26609.039650413095,0.0
26847.34876164983,0.0
27010.38673254932,0.0
27449.899576424436,0.0
27825.374519005916,0.0
27944.893046971934,0.0
28055.138515218383,74.09841887198854
28094.893410907378,1.0158985203051998
28504.945426916223,0.0
28537.666448506014,0.0
29022.35430118593,0.0
29214.585227169064,0.0
29406.020551294812,104.3995601632596
29642.95357523648,126.28561194461508
29679.225263804394,109.4010799692478
29800.019399631055,174.45147984538562
29808.03972346047,18.74613013123235
29884.38245351535,39.36015897157631
30001.461886622346,0.0
30204.62697947308,0.0
30343.536219166333,0.0
30800.357786038923,0.0
30974.8251273681,0.0
31275.081421350682,0.0
31912.33876684634,0.0
31985.787595504742,0.0
32162.41765432546,284.0023347470269
32254.37640680349,257.5560517787708
32270.562984706718,124.55918811319862
32660.040162758654,114.5088691193996
32662.451970875147,19.988994551571523
32743.153333841004,185.08678706733917
32795.95954144376,112.11436356261402
33037.046537603936,51.48640384377359
33082.34461711303,12.523137264775869
33318.74990377887,65.32397645903256
33448.86383707119,0.0
33573.023422543905,0.0
34081.16350429714,0.0
34242.553822644135,0.0
34451.7583321131,100.27260540630232
34480.5478993976,55.58849732982344
34723.25694818339,142.08333639430202
34813.43774719555,0.0
34925.397224380744,0.0
35230.089316817764,0.0
35639.02571739146,0.0
35657.35162115688,0.0
36011.83918701317,0.0
36188.187724484254,0.0
36277.99198984471,0.0
36335.57552003845,54.456078743321996
36486.37541984622,0.0
36618.405998926326,0.0
36894.3156109083,0.0
36906.285238155586,0.0
37573.18750908694,0.0
37759.29373988007,0.0
37970.30091999184,0.0
38032.35330278152,0.0
38506.699916894875,0.0
38695.068745095436,0.0
38787.13892212544,34.984542945538124
38914.05986593169,0.0
39148.26649356685,0.0
39302.8595164125,0.0
39346.0719405186,12.203400619328022
39678.13245029659,0.0
39826.81239167992,0.0
40208.36933698468,0.0
313.28657831158057,0.0
316.3366353376222,0.0
568.2881488137828,74.729379326311
596.1506997704108,9.319989411096287
783.4960087411316,57.50663915831399
1007.9656250285393,0.0
1639.433952017994,0.0
1712.2630864313644,0.0
1883.2033884227842,0.0
2210.3810251133878,0.0
2273.5431523178368,0.0
2498.3235145268322,0.0
2834.6112239652216,0.0
2899.249373889089,0.0
3110.888264664632,0.0
3339.4405214156554,0.0
3373.87518865066,0.0
3585.4239491959893,44.95382512991182
3660.460513579747,0.0
3824.0351663663346,0.0
4024.033979282252,0.0
4025.640198969979,0.0
4177.171381962215,0.0
4515.849057079998,0.0
4587.873432276808,0.0
4970.126705132476,0.0
5085.7099828872515,0.0
5249.115803548696,58.30843338918385
5316.614847597189,9.160291307066473
5473.745313126399,36.118271840314264
5583.0133357068735,0.0
5678.486732116861,0.0
6060.435169801662,0.0
6160.058165399279,0.0
6343.6206021738935,0.0
6367.5595388960355,0.0
6485.2088788678575,0.0
6932.6453247497575,0.0
7160.664653614121,0.0
7278.627437811825,0.0
7285.783892896791,27.218425598045542
7586.490846047049,0.0
7846.53780133252,0.0
7866.796993786402,0.0
8230.270853428316,0.0
8326.401238723027,0.0
8529.334955241067,227.1361824655969
8625.083644554225,74.53910841465404
8810.921042352513,141.04413732199828
8886.174084837088,134.55295403092168
9181.367112797987,252.90187973397587
9216.436384169987,0.0
9441.33981680652,0.0
9497.817363942557,0.0
9836.925674152873,0.0
10101.10011681865,0.0
10712.420936949471,0.0
10839.205455257572,0.0
11052.789997700758,0.0
11113.473184862349,0.0
11336.147541060247,0.0
11426.064423895574,0.0
11608.016040371984,0.0
11899.351679946307,0.0
12188.747143821636,0.0
12270.979056085163,0.0
12714.373749581902,0.0
12806.955453467383,0.0
13158.038872069874,0.0
13182.421279014541,0.0
13600.973724224821,212.69441951713816
13619.761831498272,41.364781955171566
13828.515278753588,333.96125986913285
13965.766722958451,276.68665127651
14296.037384715544,350.7666929254556
14376.73846483345,216.79316897496938
14838.342805685614,394.8381572318449
14897.105176697498,381.32610171152555
15069.364807470054,537.0810987185232
15080.242875922295,538.1542446171625
15186.529693668988,553.1986321594904
15241.63337098624,368.7960690384116
15547.591787264106,368.84977691009044
15569.945667318749,194.98191018604484
15644.690316036427,425.52528453761624
15666.286497530278,326.82386605696774
15945.26810597631,193.3577676167606
16060.739814851748,116.47735587009993
16296.673856140398,101.53168592837937
16508.361899608,120.91383095986203
16516.73623366144,171.13361053248627
16572.25916501332,294.2532654064307
16708.781906162334,175.98846734225663
16760.365065380844,10.973996217537206
17000.57226774565,0.0
17123.10115492299,0.0
17280.874144931488,0.0
17344.618494833743,0.0
17553.413540273315,100.02505445532734
17664.704900026692,60.26993778427641
18211.996857751106,0.0
18218.313245454385,0.0
18405.44489535205,200.04901352031084
18487.165545849617,0.0
18627.76441791191,0.0
18884.07006757923,0.0
19011.915402749877,0.0
19144.983178228253,0.0
19498.88073313682,0.0
19541.565370105633,0.0
19627.94202446671,59.167031871893414
19921.060150224243,0.0
20195.04000630101,0.0
20297.58285140566,0.0
20381.749455679324,88.87329710214544
20453.58702764548,120.9584960219072
20479.82840172033,78.93489057236366
20834.274056209586,97.52735707239844
21012.003352470554,0.0
21012.818717743776,32.26830716301993
21158.47890532038,0.0
21398.356928413043,0.0
21544.08112844153,0.0
21877.232105957697,0.0
21955.249776986027,0.0
22004.043093383134,0.0
22577.248430714408,0.0
22676.951992594528,0.0
22719.679435027087,225.3450260087884
23057.607313713524,32.595302463632834
23147.13435636069,0.0
23224.434023002483,130.985884977752
23340.27060780519,141.82963392812962
23531.683797147933,104.62786630036862
23716.741104465942,0.0
23951.6309532728,0.0
24116.629151401827,0.0
24482.147949731807,0.0
24938.734312827597,0.0
24984.796181523332,0.0
25110.964246098236,154.58530069110202
25226.53338980829,0.0
25378.39322178969,37.23199518958063
25444.425369227003,0.0
25681.815143608852,0.0
25897.529244165155,0.0
26116.77278080194,0.0
26176.777306690372,25.74195449687977
26192.360102307553,141.73469425226358
26238.38678940957,66.88731831117911
26582.037073318574,32.573697374373296
26771.407119995973,0.0
27093.264207041786,0.0
27491.822749956948,0.0
27560.60830344079,0.0
27564.007325640014,186.17187282461964
27676.644808270947,133.4717181271517
27943.105752495372,0.0
27976.950878037966,0.0
28089.242682808213,163.40471869671455
28128.01414092789,0.0
28596.655435570916,0.0
29281.05533748947,0.0
29470.80149385023,0.0
29796.93987922464,0.0
29978.90586590883,0.0
30002.039408219927,0.0
30175.442062363712,0.0
30292.04129387765,0.0
30751.293557244757,0.0
30786.850917828982,0.0
30862.170067170475,83.04894947385401
31231.861748431216,0.0
31294.878952923922,0.0
31346.29505489255,100.04504467119841
31858.298198347093,18.860322405533225
31995.31282226091,0.0
32040.01576319508,184.03931618627394
32255.32916341106,120.19640878585415
32643.779133594264,7.461195674393821
32732.769693852944,0.0
32969.06552589,59.35654277643334
33088.81312074157,85.27892031047668
33427.95531040181,186.8270404758223
33596.32997224091,210.33148971727496
33772.59304262409,456.50085040315025
33933.4710085025,397.46267183192685
34077.94820013351,500.42111182777444
34135.883079065825,431.7676339802565
34194.08824327883,374.6395920551804
34219.85003487422,312.6321558209456
34235.74839206325,320.37529615079984
34399.34743008017,103.11380554079369
34559.15260156175,0.0
35043.55657001213,0.0
35329.21637214831,0.0
35499.26422437617,0.0
36142.36602829487,0.0
36350.69649292649,0.0
36460.776399602844,365.25224463244376
36505.64817612944,417.47886696677597
36546.22739274048,420.13722883857554
36605.558721861744,346.57976668934134
37048.344705115975,114.80773843672068
37124.81388042537,0.0
37266.196702658715,237.68779407381226
37456.154271366686,172.538227326193
37538.14787165096,159.48405252411612
37642.03236569208,0.0
37732.66041044187,0.0
38076.264440616564,0.0
38377.41681804321,0.0
38419.4149834261,0.0
38684.1210984067,0.0
39260.26662548191,0.0
39295.21122516141,0.0
39432.455245405166,0.0
39760.795142424926,0.0
40042.92305975521,0.0
408.3820337961436,0.0
517.7246866133023,0.0
649.3869729513012,74.95837981025574
681.5815847490986,9.377202677070159
925.1959344696816,0.0
1213.716147507651,0.0
1249.995744699272,0.0
1323.851952604297,7.691360694878767
1639.9519200204122,0.0
1948.2127856464808,0.0
2270.8776655701818,0.0
2309.7438486279107,0.0
2522.46531127343,0.0
2654.207955484165,0.0
3088.6036249678937,0.0
3209.302574289182,0.0
3268.805759898667,170.85975555453297
3324.9683753163513,67.14162480711002
3742.413428474657,0.0
3859.4683267678183,0.0
4202.741703310882,0.0
4216.633951493508,0.0
4667.663668339397,0.0
4832.204593093195,0.0
5040.8184406700775,161.45606597863934
5172.632834542965,0.0
5287.090659762592,120.82679934640691
5385.344411845217,52.08795454776464
5627.609662369628,0.0
5820.114024594305,0.0
5898.429973989379,132.3689633851418
6086.867177663137,245.47403265473986
6174.11028690508,93.56611307347339
6204.20210815316,125.25572721733079
6277.900984972994,3.23781676840008
6457.3329623704085,0.0
6731.9493351009605,0.0
7074.3225448409385,0.0
7120.48404611715,0.0
7249.072879972459,0.0
7651.0672057882675,0.0
7701.103369998529,0.0
8019.90162210361,112.88938548828537
8085.783091396821,0.0
8146.9541265474645,0.0
8479.51530973303,0.0
8482.15636065728,0.0
8735.829585609874,165.3631154584109
8782.176523032073,9.148911700631288
8832.258989107537,189.14604010625044
9154.50986074407,51.293531094714126
9289.407554094214,0.0
9336.130582088856,202.192439975448
9473.033654980803,223.68571962048918
9531.087116867324,225.50754552305443
9578.573495092578,71.71495171824063
9681.246542236046,68.35042104221611
9858.395340846,29.453800280505675
9953.100800754764,82.05684117701094
9963.133684995964,166.8183948478454
10226.70373144766,151.3743633165941
10251.679490307064,0.0
10637.818814963548,0.0
11065.806516001701,0.0
11395.394309659958,0.0
11508.736616742848,0.0
11569.246567362876,142.46927543513084
11678.558400694546,35.77412708900738
11867.063658755633,0.0
12228.37843543839,0.0
12261.909572997929,0.0
12421.594253829167,136.11538890458542
12824.271448316675,0.0
12911.127281804322,0.0
13332.458454989885,0.0
13594.588461673848,0.0
13640.434767642695,0.0
13954.703864578201,0.0
13962.178925042865,0.0
14391.190190029332,0.0
14883.94650678498,0.0
15140.682038432147,0.0
15509.747759282494,0.0
15656.52648398949,0.0
15719.237756738428,65.75042265653246
15879.576184696833,106.65497918868459
15998.025467722597,0.0
16266.026312589793,0.0
16451.166001664,0.0
16891.99531863444,0.0
17185.925921197882,0.0
17368.080494929003,0.0
17385.656054872627,0.0
17625.290250978214,67.74546160746831
17876.77078223247,0.0
17953.81609332608,0.0
18281.825821259295,0.0
18358.610614807523,0.0
18486.816433439537,0.0
18566.67503335736,0.0
19114.182693368304,0.0
19193.626058694794,0.0
19351.501859068376,118.67534958228134
19468.222948868584,103.47844466885363
19593.905646089715,20.222063611512567
19648.131814966982,0.0
20026.37337317885,0.0
20030.009339868448,0.0
20237.720021029123,29.803119377043913
20278.317539268453,0.0
20301.0528327364,0.0
20610.181583526744,0.0
20741.14421759641,0.0
21005.969900280914,0.0
21353.110829705583,0.0
21442.107573369052,0.0
21709.80263720564,0.0
21978.308451896555,0.0
22150.891603924403,0.0
22272.3082355921,0.0
22592.139416657355,0.0
22627.04370818045,0.0
23022.848878097808,78.338420768574
23216.796828693303,0.0
23374.558790240826,181.65307149612272
23516.49391683038,0.0
23819.47010706952,0.0
24235.384742402875,0.0
24370.22962632218,0.0
24393.54541700613,138.85490773216225
24548.276700864426,186.94200911487133
24652.369465857562,152.71811365986287
24836.169455911124,0.0
25303.840099045643,0.0
25525.919728173172,0.0
25644.36175779123,0.0
25896.758796661532,0.0
25927.720762753514,0.0
26007.44304108132,4.098629760748736
26089.933404580242,0.0
26387.31712697813,0.0
26449.4850402781,0.0
26706.575133408216,0.0
27005.701453534843,0.0
27060.098568368212,6.544334642905596
27071.746566528396,87.09771296377585
27590.922627372125,0.0
27856.541790115713,0.0
28046.778791727393,0.0
28113.544689719,0.0
28481.164332326785,0.0
28681.42693730239,0.0
29068.10718004864,0.0
29094.767265019396,0.0
29360.357153114066,0.0
29743.427728495237,0.0
29768.834651800942,0.0
29960.0193917736,53.77509788859243
30061.287120222365,0.0
30212.21844943507,0.0
30337.650944323825,0.0
30613.922011899624,0.0
30804.61721048186,0.0
30904.44295210531,0.0
30960.5597015897,32.45764141127074
31128.382478071508,0.0
31555.34394441952,0.0
31659.57123249863,0.0
31781.10841154144,17.37706973364766
31846.46515209637,0.0
32062.878643162116,0.0
32645.850746541288,0.0
32714.307708610697,0.0
32978.7446816892,0.0
33376.519366131826,0.0
33460.632743241025,0.0
33516.643382333765,0.0
33656.50794896472,30.311078915583494
33805.67042378368,0.0
33826.627180740645,0.0
34310.14438791436,0.0
34595.25644622103,0.0
34595.649470394834,0.0
34820.1366880117,49.99363293692295
34963.11343865015,0.0
35180.57970857663,0.0
35226.84830068245,0.0
35559.191116864145,36.756834015664936
35675.609022182056,0.0
35768.28212884133,0.0
35800.85850878015,0.310666178491374
36063.13950589716,0.0
36112.73268651506,0.0
36388.04430880277,0.0
36509.5741648572,0.0
36593.608443480516,0.0
36920.718350664814,0.0
37049.620005597164,0.0
37183.704926526065,60.2725491972742
37457.49403298764,0.0
37679.71182886997,0.0
37762.08642323305,0.0
38220.31802007051,0.0
38348.94896291133,0.0
38364.06138140571,34.477801291002834
38389.71078906192,16.706727799180953
38702.34070179221,0.0
38782.46764454544,0.0
39163.31049203377,0.0
39293.86509443215,0.0
39571.64553151073,18.81136546406924
39643.02818363114,23.565614679762803
39837.1899970483,112.68190100767242
39916.66954921244,0.0
39949.86864251129,0.0
96.42134102958644,0.0
193.8602701507744,0.0
494.88668864043694,0.0
728.0459689457754,0.0
948.0271975123798,0.0
1171.7935781618123,0.0
1189.7305783264476,0.0
1651.373307524287,0.0
2033.8607311121032,0.0
2218.2958766363513,0.0
2232.816672499225,116.13916977917734
2679.5440536669316,0.0
2871.1623338979884,0.0
2974.582530458034,0.0
3005.430255090098,12.190271697972548
3350.463328451105,0.0
3420.2529256697185,0.0
3458.8291785856723,0.0
3702.4109289790026,0.0
4106.097143183121,0.0
4303.772093896857,0.0
4689.293293579732,0.0
4856.502469943528,0.0
5146.347228942524,0.0
5286.569083221665,0.0
5544.616300825106,0.0
5709.222071495507,0.0
5719.724329116322,148.00355721844062
6056.593918187549,150.98193009590432
6126.42308327682,60.14973029059638
6190.274302189249,130.43146295872248
6607.657227891429,0.0
6668.944719520717,0.0
6773.6397894288,100.46338752279553
6783.660442708285,82.42956908643009
7080.683327711438,24.955283891460567
7322.460872051819,0.0
7516.870663351789,123.42184526741858
7567.780019429782,133.5318646896767
7775.2172666853185,287.93112300320445
7807.057538912631,0.5090225145404474
8094.623079111392,146.9238930309748
8251.152217440182,0.0
8282.855177244961,126.2399151214795
8439.530548639414,230.7279650072378
8481.051625932721,177.60020975851148
8610.511683553797,304.9266088633067
8701.995641356763,188.60772980113688
8919.46425608792,190.1273439475899
9011.560865579519,99.77483146061604
9124.965662262694,232.95597106906826
9289.280225582785,146.93135501810866
9331.10728933971,0.0
9372.36084074078,49.370071431954784
9857.116535975256,0.0
9912.587730118954,0.0
9940.225137122115,0.0
10290.838668457474,0.0
10379.82697018842,0.0
10580.357478405536,62.99433321827746
10635.51972068015,0.0
10717.41403749142,24.62944933084509
10873.98500193486,17.41118964254747
11641.86136139717,0.0
11903.420055224722,0.0
12013.012753582485,0.0
12062.945139538384,174.61800232943824
12181.862941241916,3.891345742447811
12192.770071471305,0.0
12441.59026474612,0.0
12684.47248940607,0.0
12770.269298158048,0.0
13181.835212358186,0.0
13200.64140818268,0.0
13383.275203420257,0.0
13575.089375586454,0.0
14105.462710862676,0.0
14519.73706734789,0.0
14640.461817279916,0.0
14944.77702872122,0.0
14990.117776856217,0.0
15196.920376607599,0.0
15320.910529206061,0.0
15516.043583476603,0.0
15534.590743196428,0.0
15854.020507149578,86.0842279305034
15910.677795460733,0.0
16117.872361403424,0.0
16451.120175118525,0.0
16609.57266464559,0.0
16714.6138448027,32.309581255158264
16842.737350952677,134.29885228817875
16951.50940940603,0.0
17029.12124146426,27.718734573627444
17209.689107397407,0.0
17231.77475227267,0.0
17490.75204675261,0.0
17495.1510980634,0.0
17753.79008364169,0.0
18090.636211693964,0.0
18508.276994776457,0.0
18527.534334719403,0.0
18738.275153516955,97.95843397755743
18942.9569694197,0.0
19034.63793590801,0.0
19183.75942875202,81.43637944632064
19688.226508134216,0.0
19979.678552269124,0.0
20035.24031949461,0.0
20210.002311674994,0.0
20271.015246776118,0.0
20496.986398160643,0.0
20525.862875463437,0.0
20821.031382412904,0.0
20847.395263441045,0.0
21133.315146454763,0.0
21323.768116878728,0.0
21396.310485006732,0.0
21688.349636217325,0.0
21719.01897721979,0.0
22062.899984539166,0.0
22081.694226461692,0.0
22310.047591987102,64.41985361647312
22370.56003842766,0.0
22559.882421294707,37.231085858027654
22640.866840583465,0.0
23162.84157107046,0.0
23250.820677892192,0.0
23678.07234995592,114.08862355265956
23711.16671343104,107.5055961493963
23819.211750987044,176.83396689551228
23900.21442596355,134.1334108044939
23947.719185075588,49.21046977102014
24016.087752035186,69.35270787406262
24072.34048687365,44.664429845543054
24194.69414122507,83.90469094052969
24615.573309147607,0.0
24651.190841773296,0.0
24917.58728606947,0.0
25154.55363973875,0.0
25196.320493601786,0.0
25481.592435938765,0.0
25558.062289138634,0.0
25840.337953848764,76.64162991209014
26042.121319751983,0.0
26433.856566737682,0.0
26450.591824504874,0.0
26471.2639312892,348.40521607489063
26563.8347966731,275.74603595702865
26906.81889580593,0.0
27095.315576869194,0.0
27145.9780467627,0.0
27202.263967163944,113.14157047284243
27368.702608000207,97.41179599906536
27560.584794448732,0.0
27706.010346629224,0.0
27755.761540086103,99.56712419614996
27779.320635214775,112.99037325303289
28177.217966418124,12.8553498169058
28331.433766894566,0.0
28431.028541018124,59.82919776581912
28602.991043469385,0.0
28693.49760354207,0.0
28791.04521947976,0.0
29380.461062475842,0.0
29494.119759157238,0.0
29647.662280997887,0.0
29837.215711704834,0.0
30597.374951069927,0.0
31001.39497281396,0.0
31043.13684424423,0.0
31536.639300268067,0.0
31540.567755839966,0.0
31807.235539866975,38.381072598953324
31946.090973593182,0.0
32150.128297227242,0.0
32416.436460098186,0.0
32801.79816195844,0.0
32828.29220128008,0.0
33080.17619305175,154.2086444182969
33130.15666051294,0.0
33154.9271381706,87.17438397724618
33476.55751479033,0.0
33501.32246881612,0.0
33921.03938645354,0.0
34089.09819072138,0.0
34506.873190121674,0.0
34628.781682520574,0.0
34685.778573289695,18.537060030830617
35097.29919285721,33.10784211483406
35116.79955371352,0.0
35399.10995650239,218.86093427295418
35483.072171096035,166.89890407457278
35495.02868310201,309.7939174694984
35582.504491793145,178.82361406699783
35781.00937233866,0.0
35832.95533214994,0.0
36116.43957048423,0.0
36247.00693955783,0.0
36472.31219914189,0.0
36552.30347579846,0.0
36632.300878954484,0.0
36843.43782348558,0.0
37117.17311881215,0.0
37332.83384491193,0.0
37334.94903994305,0.0
37554.53172881226,0.003352658612129744
37932.85908607386,0.0
37938.5645421295,0.0
38152.55973605956,101.46408995422826
38289.98960150744,4.94122269651416
38302.75254979944,108.0039748199415
38445.93412263137,117.13012788804917
38796.28368433789,0.0
39087.721580618716,0.0
39149.18218342568,1.4013221098284703
39306.093815372304,164.5158372270962
39480.206097848924,0.0
39952.0240682326,0.0
39964.66627533396,0.0
40102.711262290344,36.0637254490066
356.46445233133176,0.0
414.32413582397174,0.0
812.1424329377119,0.0
1048.32261418069,0.0
1077.460373522273,0.0
1356.5728383527883,0.0
1362.3210626538005,0.0
1922.484549228288,0.0
2232.48195404835,0.0
2304.3660607028437,0.0
2377.7978458366,28.49023621149763
2874.21513836498,0.0
3010.3054202901467,0.0
3047.8579929978846,7.7576094634123365
3342.5206033115137,0.0
3381.158541644765,0.0
3696.7634707934403,45.857446246463496
3728.3943905379583,0.0
3885.7307381826568,154.82636277214715
3994.8951354067203,0.0
4252.729305567075,14.058409496608874
4346.129569003766,0.0
4572.603191622933,0.0
5038.007080947444,0.0
5201.817673916636,0.0
5564.994456893659,0.0
5640.785998505872,0.0
5808.901801371855,3.5325247448063237
5962.129746989019,0.0
5988.963318387929,0.0
6331.365305838319,0.0
6559.044135199434,0.0
6742.923966423987,0.0
6994.943736972949,0.0
7073.930728858842,0.0
7204.694602787353,0.0
7574.328866230482,0.0
7584.8732998607875,0.0
7769.937186344378,0.0
8269.968408752697,0.0
8651.219893953117,0.0
8674.834623344002,0.0
8736.055852651067,144.79473746184522
8894.594255637567,120.03004369719747
8996.302656653566,58.872777991917246
9006.58178487786,71.76713461783766
9405.854843677014,108.19966256140833
9450.942909213196,0.0
9674.060032906897,174.08303328847433
9896.564575424567,142.78883634797603
10010.006570082547,8.803979431162588
10066.684668319387,0.0
10235.074554129467,0.0
10266.04424838855,0.0
10512.068829092226,0.0
10642.802535900828,0.0
11024.51745310768,0.0
11504.708589696096,0.0
11665.568986096969,0.0
11879.283063635326,0.0
11966.926230841256,0.0
11975.833901491464,4.603555662712097
12307.153313682576,0.0
12437.903305716209,0.0
12627.939601142547,0.0
12700.454721189404,48.65794755686147
12733.73856094296,150.88607544717706
12776.946934301664,118.09713430866759
12888.067773549554,0.0
13411.700103490499,0.0
13528.568545683085,8.27032322373634
13743.843644056109,336.93295188888624
13762.173260516298,252.23367173341285
13843.195731996584,279.93600814165075
13942.623697893503,278.05252754641515
14022.35915904662,212.92759406827463
14237.136182302846,201.20345599618486
14243.962953955588,180.57295567831716
14729.198744562562,158.21686866643176
14832.01805700798,0.0
14931.69446554616,11.135555456245129
15015.147583437363,0.0
15178.35916214943,0.0
15510.416312724385,0.0
15652.248815808483,0.0
15775.340281355313,0.0
15883.600150171671,0.0
16361.096657004715,0.0
16447.030483463426,0.0
16581.14601381174,106.95456462914262
16862.653458416607,66.62095163849881
17007.976145007633,0.0
17243.13031028483,0.0
17357.85904407245,0.0
17490.28997733434,0.0
17634.753151684217,0.0
17760.87617634453,0.0
17811.743061191024,0.0
18139.14852157286,0.0
18215.644873189667,0.0
18287.44337321107,0.0
18764.840830730518,0.0
18847.109417820924,0.0
18883.328450304973,0.0
19005.67098827185,0.0
19580.084884554246,0.0
19693.93270225841,0.0
19703.51320938934,34.71207841326395
19759.000205970708,17.96531569560466
20037.520507950074,0.0
20241.87784842973,0.0
20373.564162559735,0.0
20537.013397899413,0.0
20706.44765426546,0.0
20924.30200471328,37.076211937750486
20932.636466643846,0.0
21199.19559001998,34.48159207247227
21270.286159308016,0.0
21490.105081983245,66.37106937875069
21608.351751443046,68.04216779421768
21640.09017026652,213.54417950968127
21978.59708542066,9.452249460275198
22020.692976657527,0.0
22269.021772648062,75.38327181133354
22324.22948177572,54.97677131003002
22345.946421067223,201.3839871729142
22604.416562396367,122.42497705229471
22809.53798958027,79.0703534605127
22883.96504730818,298.9166912331784
22934.869090705026,287.0327266716813
22973.10790915231,138.43397122590613
23418.89994672162,0.0
23465.089814231673,0.0
23805.88171671653,0.0
23886.62453880474,0.0
24090.968422218888,1.816872833223897
24122.26062734904,0.0
24362.80319079295,0.0
24367.810122554612,0.0
24634.20741231414,0.0
24638.0233821214,0.0
25041.243644229206,0.0
25323.727076710926,0.0
25366.63018063687,0.0
25408.533835920593,87.25229509888959
25677.46464636851,0.0
25921.816257622064,0.0
25960.66897648606,0.0
26080.832608764,90.65270123050868
26587.654474790714,0.0
26643.291858616627,0.0
26837.706892297683,126.77917355937461
26955.80111128522,15.481293253171316
27215.22346668507,23.698159441690223
27248.430812970906,0.0
27603.15188427997,0.0
27728.506874917293,0.0
27908.176850459644,0.0
28334.428664060288,0.0
28422.50000359536,0.0
28490.84078047034,0.0
28557.775860742517,0.0
29034.084215782637,0.0
29262.222525965546,0.0
29351.938033595387,91.81451996885153
29362.283750595125,217.38497241193545
29472.350321062313,173.79373008965922
29640.664010775985,78.711950997229
29991.28436287533,0.0
30185.28357889555,0.0
30433.181261269336,0.0
30669.2584031654,0.0
30801.025099859024,0.0
31210.54918370096,0.0
31401.83003472015,0.0
31700.25336992985,0.0
31854.804827168937,0.0
31924.091684863124,0.0
32247.199190435495,0.0
32378.738247693167,0.0
32399.54432390554,0.0
32941.06880228373,0.0
33061.67093738438,0.0
33226.61621983357,0.0
33237.6062806875,0.0
33873.23164215575,0.0
34021.43844205789,0.0
34089.05596930423,0.0
34301.53083093402,0.0
34450.446234515955,0.0
34769.35490672674,0.0
34880.57811187202,0.0
35125.68489634281,0.0
35234.36559105658,0.0
35306.91384128722,0.0
35809.51618009949,0.0
35944.92159821232,0.0
35978.12687749295,12.84564862865227
36139.18629910017,79.60505492971424
36292.99912624004,0.0
36414.477775670704,0.0
36532.65527253155,0.0
36574.51054729783,0.0
36981.67911812602,0.0
36993.150287653545,0.0
37103.82975844873,0.0
37547.774888800275,0.0
37615.12673334493,0.0
37709.17943357749,127.61403606354725
37835.6896795006,125.40723053120746
37905.3241861253,140.34515118300624
38069.5280904445,31.079618693940574
38387.46617301298,0.0
38444.57980460936,0.0
38644.5572766207,189.9882060363525
38774.50965806043,182.82306675053405
39022.42354261399,130.3720562286544
39160.7649457567,120.74724918500578
39227.15031366385,136.60369136750523
39292.04218373966,70.91573883157253
39587.51905463904,0.0
39668.22168013984,0.0
40005.99430060295,0.0
417.26069033778964,0.0
489.6947196081017,0.0
812.6075092009789,140.21764604363756
1089.452488131702,0.0
1165.0018597514095,162.60082009904795
1184.9719734932817,171.37300578942018
1419.9921143066806,167.0171438370263
1590.6741795334,0.0
1600.7208827632994,0.0
1711.3271041207208,0.0
2241.0290266234347,0.0
2308.41130581013,0.0
2711.320753931207,0.0
2814.767976159427,0.0
2881.7390132485316,17.83002193255834
2971.7067075144732,16.360218615241138
3207.554210451564,0.0
3410.7939679062456,0.0
3499.8117738304904,0.0
3609.8669814340847,36.800809633641165
3694.1039227609426,0.0
4008.3742836234055,0.0
4166.278259648085,0.0
4403.990605293798,0.0
4520.535837669218,0.0
4602.754219473834,0.0
4846.940687285299,0.0
4862.113253306534,0.0
5235.442366295247,50.92429271334731
5340.875799563889,0.0
5703.656062504256,214.05843999984336
5794.496008165261,169.8134067500423
5909.368171757834,341.5505645284775
6059.20447401796,331.92461215422554
6072.531996636657,176.40877707400887
6262.478375918378,134.77268717361676
6323.306752246203,0.0
6632.463221233582,0.0
6737.61283637006,0.0
6761.9999277549905,0.0
7137.381659029276,0.0
7221.002355498577,0.0
7586.710879198693,0.0
7701.1068131660495,0.0
7997.542718237351,0.0
8056.283172333053,0.0
8210.425600726316,0.0
8643.46679548968,0.0
8784.083302312978,0.0
8846.225057708287,125.46947593414188
8956.19841970596,186.96346886233187
9292.514643679648,52.68476736269804
9567.965087373324,0.0
9662.421072293062,142.007575864729
9815.3690743977,4.160307759142597
9976.5326555706,0.0
10040.903465512813,33.764710516003106
10349.553544395,25.83931718263375
10663.583862574094,0.0
10683.487832390429,0.0
10791.165071255044,119.78884655185357
10871.513493059796,0.0
11036.548956502402,0.0
11489.22249278166,0.0
11562.486279794886,0.0
11638.543913783014,0.0
11692.226618389921,0.0
11916.409769669614,0.0
11951.82968587803,0.0
12289.209109245608,46.967185837611396
12531.120206483718,0.0
12611.646489120618,126.3050312050309
12786.28759809974,206.89510153432457
12885.51619743987,190.1492618477805
12929.2566526469,274.74949256740365
12982.563967950126,128.79087336226985
13040.598353408024,0.0
13296.127045795178,0.0
13607.280808391453,0.0
13951.597664363038,0.0
14091.00811612689,0.0
14344.44149319647,0.0
14575.24260292194,0.0
14605.199395776108,0.0
15014.275515012414,0.0
15392.531623589033,0.0
15461.817612100525,0.0
16072.377298499667,0.0
16109.16671296937,0.0
16389.44245376376,0.0
16399.539760081065,0.0
16679.3384207979,0.0
16758.35309294782,0.0
17094.50008514195,0.0
17163.725231316126,0.0
17409.212606712204,0.0
17526.374147101833,0.0
17723.334192418653,0.0
18081.90031607792,0.0
18136.11141184527,0.0
18308.114261037674,69.63988088026599
18673.69108467087,54.04842952257968
18762.012476656135,45.14396325468988
18916.971276073604,200.49382128399156
19015.82843521034,75.07190321197777
19062.23301288731,94.65111805062406
19348.23035203483,80.08942931684214
19428.05948448866,10.482434315494174
19996.88086421862,0.0
20135.128382691248,0.0
20254.462107067797,0.0
20523.584254288362,0.0
20769.982461821408,0.0
20938.85663539659,0.0
21019.10144681193,0.0
21383.6784166143,0.0
21468.619036473414,0.0
21681.675703935627,0.0
21828.18478092124,2.3588028008889523
21994.582782862333,132.46475753442792
22160.724161158698,155.17023083626918
22196.915131589707,248.02026078454946
22589.364120133443,75.09909364327541
22608.88470673678,0.0
22675.335147717073,275.3102326215958
22784.887530786193,210.34423253662317
23617.048568297523,0.0
23902.095106822962,0.0
23919.656686686376,223.20075945726785
24095.521889541687,248.3943031500894
24184.854676816143,81.4146256985332
24357.128426410778,152.23749459613828
24543.356696450253,82.24038086984729
24819.31384483775,0.0
25094.29603383422,0.0
25171.84459542437,85.43749508833935
25289.88772444879,0.0
25483.34364020035,15.067094162506692
25535.13468951324,0.0
25585.95484888527,0.0
26291.200914736586,0.0
26672.238615470924,0.0
26888.79946149079,0.0
27089.814790714183,0.0
27311.896374309632,0.0
27399.331805835947,0.0
27427.63675020034,0.0
27706.38296624098,0.0
28128.226087486317,0.0
28246.417437849293,0.0
28463.724835735262,0.0
28471.803138377254,0.0
28558.31955794243,43.304923656764004
28689.439261276788,0.0
29011.660055172368,0.0
29320.204393587577,0.0
29549.81621183941,0.0
29575.65651038795,0.0
29580.466155105143,108.10251936263012
29678.12424844509,26.464783039238682
29936.351477475764,0.0
30262.704579545265,0.0
30306.970240862367,0.0
30346.352511789133,0.0
30618.43516468688,0.0
30692.774909033185,0.0
31127.84651527571,0.0
31152.114105139746,0.0
31372.773280189853,0.0
31716.10817393004,0.0
31918.087861821765,0.0
32126.881652290027,0.0
32167.42656258714,0.0
32318.487083764994,96.06008818470582
32473.92256905918,57.61504724347469
32549.43074740006,145.31722891945174
32774.43130035006,134.2186466263047
33038.693967932006,0.0
33183.64770038624,0.0
33288.38056476689,44.89031388256262
33616.704014921765,0.0
33990.995307605124,0.0
34015.27557559724,0.0
34078.72118978463,188.26763767751254
34444.10960221726,0.0
34580.31244441528,0.0
34736.48313323042,0.0
34790.93126457774,0.0
34926.21473381627,0.0
35030.815901376634,0.0
35316.80200578016,0.0
35412.65315134223,0.0
35603.6234527047,0.0
35814.92572964486,0.0
36099.13659351707,0.0
36498.86462100986,0.0
36584.75033511057,0.0
36663.429862857476,0.0
37152.01216721146,0.0
37175.83121591796,0.0
37397.41175078076,26.984453071956523
37503.57358750526,0.0
37731.89578982754,0.0
38248.25099638374,0.0
38304.31300528975,0.0
38472.868142435946,0.0
38740.02050068209,0.0
38838.16163581402,0.0
38948.022863328704,0.0
39193.64523474531,0.5860992924572201
39322.81028476939,0.0
39575.731641961276,168.56873853792058
39667.72907560994,38.4613580155783
39675.91178396443,102.65047995961504
40285.10451409392,17.778520830186608
40297.19710175761,0.0
256.16080908555335,0.0
269.01763102152074,0.0
721.988954429865,0.0
911.0106171512836,0.0
949.3121485988427,0.0
1204.9193268189554,0.0
1525.3722116034644,0.0
1851.0251162105694,0.0
2076.2639051916676,2.6275760899191027
2267.7090938548604,47.22483174632248
2329.324347007118,113.96802869946237
2486.492389161118,91.82305929603626
2597.388314643395,0.0
2815.8865566976942,0.0
3285.0853940814513,0.0
3398.894446718131,0.0
3620.5350492559337,0.0
3645.4071107995883,0.0
3868.5213568263816,94.11746942404943
3890.247011249579,4.623275856606597
4229.342956019776,0.0
4622.5406654183325,0.0
4714.815274144594,0.0
4898.514741761519,0.0
5587.958777784758,0.0
5661.117383044494,0.0
5750.593271363109,126.23314066412695
5959.369604879539,146.17025882099915
5975.505509394875,129.98253177869537
6360.287800319927,262.60977016098786
6427.893866514943,0.0
6552.592204816433,319.8134794542084
6573.815404964524,130.26735214628934
6870.556260795149,87.33217974858599
6873.6759221878865,0.0
7000.586239363096,91.1749227638702
7246.20549071488,0.0
7257.48210911769,0.0
7325.261161599224,20.13373692064124
7394.452182917925,0.0
7663.927119252383,0.0
7748.891963781366,0.0
8184.4044477265625,0.0
8303.798085473962,0.0
8310.341770896686,99.27506786533468
8663.655247045299,127.84309535201828
8802.22102073498,0.0
9101.892288993553,183.3005594037313
9205.004504053823,239.81411044741253
9257.167450524874,219.66702968728714
9307.281126980508,8.636311665028188
9932.734834383307,0.0
9949.364132308403,0.0
10204.391889203827,0.0
10673.062249073004,0.0
10858.053014069192,0.0
10995.714279889806,79.89948807255678
11218.611799383047,214.48627740790107
11438.519677066603,158.5356270878674
11631.712563256488,350.63177308534796
11649.161634520951,513.3705979298647
11728.00372899168,338.1292746433901
11770.033570184944,105.22164024073209
11992.553453581859,0.0
12338.622435607269,0.0
12425.907899015312,0.0
12948.634723421666,72.21852211541227
13006.865017882177,0.0
13162.84085298921,102.31499244267616
13197.22258582462,105.21865063192672
13364.084883844182,70.29836072487342
13515.8428082904,0.0
13555.803403091924,0.0
14066.79890886778,0.0
14086.002255742465,0.0
14349.265773851155,0.0
14503.732992292818,0.0
14946.901309569083,0.0
15448.039374811617,0.0
15592.004817827297,0.0
15802.248316519415,0.0
16173.982054534168,0.0
16323.433892104282,0.0
16475.195195850025,85.73189158948117
16522.52003228579,120.66142221251721
16713.310722390917,122.1238811016101
16801.792416507164,85.48452048544277
17004.120183011524,208.50123094497394
17215.999269661068,253.33512701099608
17242.925309269394,0.0
17322.845881116384,104.3118561883166
17327.752954456864,44.760824088269146
17414.57334107913,0.0
17856.026597439944,0.0
17902.692611018745,0.0
18333.76655276022,0.0
18358.67541670735,0.0
18418.417179125903,163.36461256405528
18635.730890086063,0.0
18809.094800429906,0.0
18904.59793224251,0.0
19427.671989993265,0.0
19580.21921269748,0.0
19624.593897321633,47.577844337291026
19783.873463092565,36.59063284942022
20293.648704159903,0.0
20523.31686739795,0.0
20791.95050498683,0.0
21019.998459361766,0.0
21050.135687738468,53.3991037071828
21349.037626509387,0.0
21465.738528576614,0.0
21628.25972454273,0.0
21644.6036007772,0.0
21826.70881083382,0.0
21979.028048419266,0.0
22070.419234767167,0.0
22106.165906127462,54.49039815461583
22263.920719635782,0.0
22499.756685577966,0.0
22663.401285326447,0.0
23286.71643519165,0.0
23381.555509994305,0.0
23488.917827691886,0.0
23566.32440886883,0.0
23763.983690924517,0.0
24024.01398439958,0.0
24204.904997949285,0.0
24409.501194530236,0.0
24526.09474707482,53.81528055447416
24663.533489285994,182.779811057826
24790.44233993428,212.6224659063846
24923.12607497291,215.57642612139534
25080.788759886436,90.47189920518213
25275.482277507286,102.95278292060175
25379.997072814447,199.6047796666353
25396.71196804375,232.1128391629245
25873.95891999178,150.06912898013252
25901.128028882784,0.0
26018.434633102614,109.05753996897329
26390.112098032772,0.0
26557.819943972263,0.0
26572.540947389236,0.0
26782.855787186814,11.695155696248548
26905.956719021964,0.0
27092.84292649819,12.931170068874053
27145.760986707977,23.42313992937852
27251.15317463975,11.703591894682177
27473.521563304344,0.0
27643.21815709548,11.902590814148425
27909.67745072561,65.82130040332049
28005.00330181786,127.28049151175219
28011.722779449614,29.429779339840024
28169.26127952886,0.0
28312.566576384255,0.0
28538.31818253181,0.0
28795.883458033528,0.0
29130.100767740616,0.0
29305.16176123531,0.0
29314.229519269596,0.0
29603.936760422643,0.0
29788.088591906704,0.0
29984.58304455265,0.0
30188.643004919802,0.0
30195.01862031081,0.0
30584.82622360427,0.0
30623.185731152167,0.0
30670.93642281698,0.0
31184.68251041939,0.0
31286.475475644722,0.0
31409.071741042928,0.0
31905.527750335612,0.0
32428.003946098506,0.0
32535.38455707803,0.0
32577.333529865653,140.34256180442753
33049.052721403365,0.0
33120.02328199675,0.0
33149.77840302606,268.3232111207035
33388.822244365234,124.14085177062952
33570.10574391251,0.0
33622.77878631712,0.0
33912.53036171897,42.210875326389214
34072.42236473443,0.0
34170.025345461996,239.23930240522895
34409.58808904953,260.77990022645827
34531.37147498101,261.4105106397619
34667.26499728404,215.17419175733812
34716.68827937763,184.80576852667582
34937.271361027,104.29871670272405
35301.776313829294,0.0
35545.7454951,0.0
35666.86278861045,0.0
35756.03190951872,0.0
35914.7947276051,0.0
36400.9744287923,0.0
36643.9317998964,0.0
36883.12606132495,0.0
37265.2383649772,0.0
37689.34136780867,0.0
37768.26541840293,16.517946635307453
37797.76199690326,306.7649775948739
37930.076895377635,0.0
38213.513615133736,0.0
38359.189870057315,0.0
38611.09437959168,0.0
38714.92273652442,0.0
38736.78566285184,56.07623393344693
39132.75882235471,28.97636579228856
39286.98084104608,0.0
39635.735480820826,0.0
39748.53229370362,0.0
263.3286969442502,0.0
435.093286908749,0.0
613.6224995579275,0.0
701.8221934129385,0.0
993.2720113786868,0.0
1022.8685735348811,0.0
1164.326316558056,0.0
1429.2331193514813,0.0
1459.9648713683287,0.0
1833.0567354922157,0.0
2143.0348970475843,0.0
2160.8631209949863,0.0
2362.5458895618385,183.90854214970113
2738.9383982365016,0.0
2898.098936085078,0.0
3112.16430811507,0.0
3360.0150058672307,0.0
3674.1096749365047,0.0
3677.568055449219,0.0
3962.4193436328296,56.9559292023323
4174.806993995674,29.580236852617418
4356.17705263964,142.2297610859223
4608.2542014155315,271.75348912968184
4652.7301907746305,421.10013938525253
4787.880718233304,586.8875376169312
4889.622032389077,598.9768271714161
5121.145852501923,615.8356708794172
5256.176763015935,447.49456927925985
5572.341042420181,616.9320455225316
5602.751050277445,521.3781040717076
5791.4252597794075,691.0034668441913
5843.31177627467,585.1587203861791
5894.560973658439,649.3022689607551
6066.850516942525,615.2784724574794
6147.303038531368,393.2562455989364
6328.177513953594,397.9924595332659
6341.183126743106,106.03609139609034
6502.993355403354,170.49943512105256
6866.32532109431,106.19562434417367
6968.002682947912,222.19111136384345
7023.1722194687745,504.43278001438375
7373.020535841319,504.7987930860627
7374.508016288842,318.8796898444389
7581.141586354492,418.1204779823911
7910.064043501907,360.8542255823904
8067.777472092448,487.5149550511396
8247.864895542973,672.2746484154723
8327.67048100569,773.507893203855
8364.56750190937,844.8655567268925
8418.0627303185,889.5887431581532
8760.948349377431,814.919514512846
8857.359263674736,760.120726886873
9072.045539197166,956.8022154778364
9229.804245197563,1024.1571735284242
9497.344766814214,1160.3194889059541
9524.773483694811,1066.9676750935096
9580.785663851315,1301.7775257837584
9793.718929010116,1185.3635044722305
9858.579913995283,1205.5408948643908
9902.419022661072,1210.9352119698724
9954.386864921617,1094.542904979544
10023.846548014417,1083.763817064877
10044.728813307107,871.2652532030243
10106.876797598874,793.7576379346265
10223.885343850232,659.6261595038468
10535.301809828012,465.2033986006718
10649.878478753017,349.0773880170327
10814.29303844777,161.1286194600052
10950.998309571873,74.6843471481061
11284.408346998905,0.0
11349.58231763699,0.0
11447.075581844827,0.0
11848.254786515758,0.0
12055.441467910854,0.0
12097.585875484212,0.0
12244.803668635086,163.16168582093815
12540.224416239002,0.0
12561.769530093594,0.0
12793.465137122888,117.9633088963219
12982.462837721292,0.0
13150.796747795932,0.0
13294.604360418789,0.0
13388.789264290288,0.0
13552.318171232291,0.0
13839.729163838132,0.0
14147.85115818315,0.0
14384.861140075394,0.0
14539.0310851279,21.663292745073704
14548.623206035638,204.62879666935987
14629.745939493401,205.7148245956123
15010.933022733441,0.0
15171.67575911137,0.0
15313.20935982395,0.0
15372.838053408217,0.0
15584.526206480434,0.0
15836.597520169798,0.0
16019.423415657619,0.0
16391.250418603595,0.0
16392.014627717712,0.0
17032.808897930525,0.0
17153.78267004786,0.0
17474.731577732582,0.0
17922.63683879261,0.0
18004.4580406172,0.0
18243.494608634293,0.0
18280.514658971093,0.0
18535.588175250203,0.0
19186.672341629448,0.0
19278.489290387934,0.0
19412.619005095028,135.14635537566937
19474.292991976723,64.35830598460234
19531.914557287582,54.16984962583956
19736.09416526611,0.0
19754.31919131323,0.0
19855.041591078923,0.0
20136.957188480923,0.0
20248.280478685145,0.0
20365.594173159996,0.0
20685.891958064738,0.0
21024.301565812682,0.0
21344.744647488027,0.0
21606.02284334547,0.0
21933.377770658342,0.0
22151.675260967302,0.0
22352.081808259187,0.0
22471.643920512277,0.0
22590.89641191624,0.0
22884.244615974567,0.0
23342.9987423345,0.0
23627.60665107626,0.0
23659.011153537576,0.0
23876.52516833015,0.0
24009.718422628648,0.0
24306.066435100685,0.0
24793.199080285704,0.0
24873.82625658643,0.0
24907.183892453497,36.55933693492261
25351.46783100729,0.0
25511.530971054068,0.0
25733.803208273173,0.0
26062.70801234546,0.0
26070.627674544437,81.22915257884961
26197.078400027578,208.61017364876534
26475.6775967506,26.58166007836917
26628.1313807248,54.878484735821985
26696.35306283109,171.8302124665097
26702.062865441745,3.267645192292548
27017.338131692966,0.0
27170.20286372503,0.0
27736.336040295064,0.0
27824.01449527256,0.0
28012.917092861924,253.17822556494866
28134.96670992354,206.44024109291058
28478.791993918625,125.90493110505122
28722.153214114885,193.94049640405137
28805.871866323545,399.31813485130624
28910.499422509227,462.271043296234
28972.03545805114,430.26548608293524
29026.55131333406,493.7137885446282
29032.333744903048,376.57234853219416
29204.695552247347,151.44159773867796
29225.267328565053,0.0
29462.78811889557,0.0
29619.632848283072,0.0
29856.790497578575,0.0
29974.51916715457,0.0
30416.053489328784,0.0
30633.958528162195,0.0
30682.83467022599,0.0
30841.475705166264,0.0
30953.438070831424,0.0
31114.28918372039,0.0
31201.0289741355,0.0
31281.180579513697,0.0
31521.66889299779,0.0
31955.687421860424,0.0
31988.94204291223,0.0
32192.14458689098,94.41994757508292
32467.72632039469,0.0
32580.965231143982,0.0
32887.19812143246,0.0
33149.512982435204,0.0
33253.30729992245,0.0
33709.94860957614,0.0
33721.90338115208,0.0
34198.379613924975,0.0
34241.79081710776,0.0
34340.48315211634,8.256013551552314
34561.12839838934,0.0
34781.790138846336,0.0
34860.45382041805,33.62369081603538
35014.85590682228,13.199640217164415
35090.50842984421,0.0
35182.59075673713,27.61974367167568
35334.72140121308,0.0
35690.043240303334,0.0
35940.44671036589,0.0
35979.21007887859,4.4514753241455765
36073.8827084807,55.75798757229495
36222.44125846833,0.0
36847.341271837824,0.0
36933.62979874316,0.0
37131.83122339774,62.649553280178225
37219.2016580463,108.22603738275939
37239.73786581333,202.2173588366859
37261.134562980995,110.87233338101214
37343.372837401876,62.73863033937232
37678.1013972582,0.0
37761.1741517953,0.0
37896.609133583224,5.435469526004454
37949.319684338654,0.0
38386.366488950276,0.0
38532.54979214266,0.0
38862.84684004859,0.0
38963.671195583454,0.0
38982.3668720422,0.0
39113.65415592725,0.0
39530.441215235776,0.0
39707.98106463161,0.0
39921.17570411894,0.0
39997.38298197087,0.0
337.24914816844375,0.0
439.1452007012216,0.0
469.36220750341135,155.96653535665058
511.8643352257523,144.06686640047542
740.881214981498,0.0
1063.8780239123103,0.0
1186.6304376159367,0.0
1634.5058558016606,0.0
1950.5122061095512,0.0
2045.4352020560073,0.0
2209.987505159957,10.41292631998499
2325.872035302422,0.0
2785.7549667416542,0.0
3019.811466041695,0.0
3313.9827849162543,0.0
3446.416547258511,0.0
3555.975376003666,69.96527889087656
3589.558788160837,100.61089040403522
3952.0036971741524,0.0
4061.7158163794234,0.0
4082.0940501614286,29.51496406879778
4292.043521442313,31.825829604048977
4420.604233478455,0.0
4585.317607620793,0.0
4890.479851039493,0.0
4969.735859951748,0.0
5257.3609490298895,6.927190769859408
5356.328372317493,0.0
5542.887248797443,81.86194774805699
5759.435586754034,0.0
5892.438084843434,0.0
6357.194420786979,0.0
6509.151484426962,0.0
6546.0361587159605,0.0
6778.808966891362,72.71569746812838
6847.010006306222,0.0
6847.42124603725,16.13555975793315
7138.598231620165,0.0
7515.300765664241,0.0
7616.187992722282,0.0
7616.468717336261,295.65894055616445
7959.558828862525,123.97807996270967
8027.46092592956,0.0
8306.635863588555,179.3438073233874
8387.121334038466,0.0
8453.983423337939,57.11169857310779
8563.160319405173,78.51144706306331
8598.627944548396,0.0
8819.71830463291,0.0
9768.995598558242,0.0
9928.108355844824,0.0
10003.676212711312,532.4007484031954
10053.614795939537,581.5929909750503
10205.38293579964,573.6423443873227
10220.410988340438,500.3168555599077
10322.749013824772,606.9328267237179
10574.088657960136,452.16575034884954
10593.253699525447,472.8564690959338
10739.648757101446,483.510382186445
10850.13843559879,426.96379295374936
10918.789570131852,520.3590370340207
11076.764588590951,322.9006620895507
11096.447275102602,255.99864953151155
11491.32945726392,122.38493153593845
11498.680325458523,0.0
11763.011681347336,67.48047901759855
11785.033547219708,0.0
11996.879337589346,125.17500582324828
12063.933967895262,0.0
12225.313216650029,25.600910151153585
12433.262641414609,0.0
12621.857431982115,0.0
12824.676589446604,0.0
13423.540738832244,0.0
13646.550299374814,0.0
13758.859212095935,148.7320237300155
13844.118996478895,316.89083231933364
13906.148780572239,314.649764732314
14015.571484598022,351.88480758953847
14081.265423882052,313.4046623844024
14150.230350108115,183.77007109742226
14471.95736416998,0.0
14541.424297553247,0.0
14670.015488824547,0.0
14777.63008746155,0.0
14929.318622197334,0.0
15164.062263089394,0.0
15614.127917370015,0.0
15750.466108764544,0.0
15886.500633719881,0.0
15993.158232009626,0.0
16053.271931439755,11.929815352494188
16149.836036713159,64.50092791753559
16182.102993013541,0.0
16305.193756338438,0.0
16671.793612521455,0.0
16878.861143453527,0.0
16981.565510750115,0.0
17140.276001405287,0.0
17471.585821935187,0.0
18051.34029646147,0.0
18268.21162224286,0.0
18540.156871943684,0.0
18582.9807043034,0.0
18857.88433580022,0.0
18987.78320618169,0.0
19012.792784386264,43.296571581773605
19245.528055083276,0.0
19546.528153646803,0.0
19794.821562579466,0.0
19925.43917288915,0.0
20327.626101169157,0.0
20407.633320522084,0.0
20505.10573632024,37.36615052872003
20568.587423222616,0.0
20649.93033129758,0.0
20690.87417584562,0.0
21173.24758388731,0.0
21528.032799892724,0.0
21608.663454612186,0.0
21748.911886527472,0.0
21904.72557664528,0.0
22491.51337487881,0.0
22493.08895630174,0.0
22654.210159225262,63.615346712020255
22684.738172047633,0.0
22824.88602335961,0.0
22968.220959623282,0.0
23144.63748333795,0.0
23445.10960065189,0.0
23610.387527443545,0.0
23798.379280930287,74.44555618488448
23861.2396680271,55.8676147150145
24042.576686229906,107.99120114119432
24075.459378341995,34.53424468450248
24344.42155688036,0.0
24416.792181670462,0.0
24572.81875674617,0.0
24672.02524546399,0.0
24855.7862854555,0.0
25248.779306805212,0.0
25340.705398659105,0.0
25504.307970209873,4.6686432244605385
25533.66302674903,0.0
25602.179403086397,27.70146633076365
25654.775147417397,0.0
25979.94941580778,0.0
26078.358909361392,0.0
26242.43684369792,0.0
26441.58396138665,0.0
26757.521286647963,0.0
26992.52076267961,0.0
27213.550193990828,0.0
27306.01915340342,13.83967888684856
27321.216256550793,210.8426921524624
27362.814346637853,140.99070680990553
28073.929414377802,0.0
28145.959857818823,0.0
28155.855237587988,137.70663530453385
28392.661797124543,0.0
28472.26887982797,0.0
28860.506198113602,0.0
28918.465423668957,0.0
29357.101404027148,0.0
29536.23396863983,0.0
29623.592840762507,0.0
29647.482852202822,0.0
29775.11887563273,45.67804515332318
30078.595938774073,0.0
30478.310923985548,0.0
30964.809975830998,0.0
31051.012011211922,0.0
31114.507767383267,0.0
31398.331558442966,0.0
31450.98550740675,0.0
31754.998051278264,0.0
32176.63476601458,0.0
32355.511607290508,0.0
32472.41291590629,16.830317233350797
32523.065973995093,27.394652633938676
32848.072489267,0.0
33016.597204201316,0.0
33050.7533888211,13.331718866516894
33207.92228855333,79.409093688344
33332.63711942215,0.0
33658.366435246935,0.0
33833.10480744865,0.0
34066.10505953528,0.0
34166.10242823556,0.0
34548.19067478746,0.0
34577.37297611491,0.0
34958.11419181476,0.0
34980.12318751554,0.0
35239.178691216526,0.0
35455.18250859261,0.0
35611.218773999644,0.0
35701.23374934483,0.0
35968.96117546199,0.0
36231.61523445314,0.0
36237.90049148777,78.43155872544594
36436.16192237624,228.98854764572025
36483.82243422861,127.65952143776667
36618.96252190282,273.51566343932063
36622.58376131856,160.17295284131978
36785.722165935076,167.64239507952152
36974.298485676234,0.0
37052.38039797013,0.0
37151.667859048684,0.0
37470.15762693296,0.0
37796.77335820685,0.0
37978.144142157405,0.0
37992.24231619718,66.4063975320314
38181.686356012375,174.77476849057712
38340.51641573712,79.88645804517
38452.851197900716,195.34132311951544
38631.2122265175,210.54961624885618
38844.799136697824,275.18415676434233
38904.774140236295,223.68144251046033
38936.01264607662,100.20259738108143
39005.75482833135,92.9283376952153
39199.56917863372,0.0
39449.70324334305,0.0
39663.39950087173,0.0
39816.41100222427,0.0
39923.75392311388,0.5934989432207658
39951.1398432588,81.19810620545468
40033.42518873775,0.0
385.89577911674894,0.0
637.5055486359682,0.0
915.544651459815,68.75995185416195
1019.978397330203,196.00441916052137
1186.4807042874008,294.6334285937859
1299.1865040414862,172.05402169201648
1423.3620141033896,126.56990121867966
1529.1137186320414,0.0
1784.0159856322246,0.0
2078.5476364607425,0.0
2429.4244646569773,0.0
2504.2714405783317,0.0
2683.7691886249663,0.0
2875.3212841377235,0.0
2893.6294202713607,0.0
3316.6235569035007,0.0
3337.854576027616,0.0
3787.1333747890176,0.0
3970.9799188059187,0.0
4049.133266329007,0.0
4143.58429866839,0.0
4748.964128936877,0.0
4878.607448030235,0.0
4989.914955897665,170.5441100779217
5263.13130486273,73.57512073874659
5312.039952372226,0.0
5566.1942090084085,44.31876013985038
5835.161307584011,0.0
6056.434528357083,0.0
6202.597489179899,0.0
6352.525714488719,0.0
6666.025174545996,0.0
6848.97380539755,0.0
7076.595422720887,0.0
7368.427253650372,0.0
7509.994464069765,0.0
7587.753580698731,0.0
7750.416235129657,2.4446877013897392
7925.528999441307,0.0
8203.896647612963,0.0
8384.768686640773,0.0
8703.494292505808,0.0
9046.045166337379,0.0
9098.364386588768,0.0
9264.382239114222,102.73315964801077
9431.375092383603,26.76127744862424
9627.029843711087,24.068632342879937
9832.428471939136,0.0
9925.6881248632,0.0
10003.052580958221,0.0
10447.482984680884,0.0
10575.333741023986,0.0
10900.414870497169,0.0
11011.249013895682,0.0
11266.473915493763,113.12191685757352
11348.932746029886,129.01758761492601
11391.686595515192,116.47723492536534
11465.844384024658,59.44030837328319
11850.202625843853,0.0
12266.010137101339,0.0
12367.448354012371,0.0
12421.588314729242,0.0
12578.6956084557,0.0
12821.892930951044,0.0
12937.444680028342,0.0
13157.222774305203,0.0
13289.005404382788,0.0
13461.382769546874,0.0
13511.27499407406,0.0
13892.352777985021,0.0
14226.793597388727,0.0
14322.061342855346,0.0
14332.606336855219,0.0
14900.295475649982,0.0
14961.558481120217,0.0
15104.444305108032,0.0
15185.170391375435,0.9058084003190743
15459.359102341872,0.0
15561.023106580853,0.0
15578.351961748864,55.248367454241816
15657.96896138915,133.12514717058366
15884.184250757764,26.131085899649406
15945.136710938483,61.207111037707364
16048.723224268899,186.3812944254605
16246.306290322926,174.30906076005522
16410.385107120295,154.86299106168917
16511.935385894016,242.49329366600796
16543.287806281096,65.07762999366241
16593.849523629113,96.16604742888376
16752.3215771765,65.5126995657156
16846.64076001463,18.043595908999123
16861.477717256275,61.12793822572348
17260.590539088684,0.0
17629.806337876347,0.0
17865.61014303362,0.0
18053.551553010046,0.0
18305.226314069725,15.020775615539605
18351.857900187664,94.08750430537475
18659.506045301197,250.43976981194282
18697.852280137977,109.03717897221577
18729.978309501887,243.62362290728925
18824.100797567404,199.8469206113732
19001.388594457196,52.45281806973435
19112.419659501553,0.0
19671.766020693598,0.0
19763.583071379886,0.0
20132.25709604921,71.60205945283815
20154.214492642037,0.0
20363.81120541655,97.70524857732744
20514.540930170544,0.0
20549.60480583709,69.1835707454702
21344.694555643844,6.222747026975412
21440.49470509852,0.0
21645.58211973598,410.7319255551083
21766.99819594298,235.4904858783848
21822.388387591687,206.02601718592996
21942.712253661924,287.832578016707
21988.347832082447,223.0582214629503
22727.624204050553,0.0
22832.580925646525,0.0
22989.386948966134,74.89333003714637
23011.883948947998,0.0
23193.26834938599,5.770611520176317
23304.886697999063,0.0
23661.412095383253,0.0
23855.080722661383,0.0
23862.103744191336,176.55178116180832
23938.79767270137,206.52978733990676
24016.009893833612,124.91168765040857
24037.678445386075,134.03059226846744
24218.99060835212,100.82712098737466
24362.36355103135,0.0
24610.7045362998,0.0
25140.370731717092,0.0
25375.582413797838,0.0
25409.843137915264,0.0
25815.12070280773,0.0
25908.390860519157,0.0
26171.934985675645,0.0
26326.564401124604,0.0
26760.42715151645,0.0
26810.293381661864,0.0
26916.081343048987,124.7376679175868
26957.85317036642,39.50502742129538
27216.500207250057,0.0
27474.948477723345,0.0
27565.091376487424,0.0
27570.73437980665,0.0
27920.838501831942,0.0
28093.08632746569,0.0
28293.36193123804,0.7447423294834152
28356.10362137089,0.0
28388.438650840886,0.0
28449.86828966298,0.0
28696.307499387334,0.0
28933.66025534023,0.0
29019.200752417895,0.0
29109.63907058786,52.934552688100666
29275.156179423826,0.0
29669.307406976604,0.0
29773.053957227217,0.0
29784.506782618515,20.048973580662278
30138.503356195855,0.0
30460.074258871886,0.0
30486.95609661426,0.0
30605.112698091325,0.0
30883.245263559387,0.0
31168.761089273874,0.0
31302.099887652395,0.0
31676.436628588093,0.0
31691.598577199948,0.0
31703.537119912642,201.43450709290846
31956.170392329397,0.0
32228.539216893234,0.0
32320.533221835474,0.0
32581.82742232152,76.5734982454851
32674.06091239411,107.31186822454765
32715.842425237843,57.48972566601151
33271.23558606099,0.0
33487.41123416433,0.0
33748.7731171257,0.0
33882.45904401759,112.02875141197
34145.85499410052,272.6857421626919
34326.36673795088,261.57191613471514
34481.89737783844,405.3528890950547
34782.600223061265,517.5567294855791
34831.51101008835,479.17761676081864
35011.6738411943,482.45850881937076
35053.54327332728,482.25359703952563
35140.12436501214,510.46826094636344
35173.74407096318,318.215312122622
35230.05375302996,195.05332366637595
35367.19127402779,39.67364996660035
35612.15986909383,6.030287765104731
35927.79593236317,75.5545243635861
36125.653627241554,0.0
36146.45313149042,0.0
36525.767321295,0.0
36567.49760101758,0.0
36826.829472141195,0.0
36975.05136510601,0.0
37233.18272299738,0.0
37290.656714789475,0.0
37565.72718545575,0.0
37682.62938641938,0.0
37714.34766338643,0.0
37955.55653932983,0.0
38297.419098243794,0.0
38457.19084776895,0.0
38615.37532672282,0.0
38933.11689298179,0.0
39011.91713011282,0.0
39126.084414091565,0.0
39150.568664316575,21.863801589002833
39356.74475250492,70.77843925701018
39627.777394416444,0.0
39645.88666533738,0.0
39737.45003691586,41.79238858407916
40144.97523469479,8.272558498210856
